number,comment, label
1,–°–ü–±–ì–£ –±—É–¥–µ—Ç –ø–µ—Ä–µ–≤–µ–¥—ë–Ω –≤ –ü—É—à–∫–∏–Ω. –î–æ—Å—Ç—Ä–∞–∏–≤–∞—Ç—å –æ–±—ä–µ–∫—Ç—ã –≤ –ü–µ—Ç–µ—Ä–≥–æ—Ñ–µ –Ω–µ—Ç —Å–º—ã—Å–ª–∞.,0
2,–∂–¥—ë–º —Ä–µ–º–æ–Ω—Ç –∫–∞—Ö–æ–≤–∫–∏ 3 –≥–æ–¥–∞,0
3,–°–ø–∞—Å–∏–±–æ –±–æ–ª—å—à–æ–µ‚ù§,0
4,–ü–æ–∑–¥—Ä–∞–≤–ª—è–µ–º üíô,0
5,–í—ã –ª—É—á—à–∏–µ! ü¶ã‚ù§,0
6,–°–ø–∞—Å–∏–±–æ—á–∫–∏üíö,0
7,"–û, –Ω–∞ –∂—É—Ä—Ñ–∞–∫–µ –Ω–∞–∫–æ–Ω–µ—Ü-—Ç–æ –æ—Ç–∫—Ä–æ—é—Ç —Å—Ç–æ–ª–æ–≤—É—é?",0
8,–°–ü–û –†–µ–≥–∏–æ–Ω 116üíö‚ú®,0
9,–†–µ–≥–∏–æ–Ω 116üíö,0
10,—Ä–µ–≥–∏–æ–Ω 116!!!‚úÖüçÄüíöüê∏,0
11,–†–µ–≥–∏–æ–Ω 116üíöüíö,0
12,–°–ü–û –†–ï–ì–ò–û–ù 116üíö,0
13,"[id156765405|–ê–ª–∏—è] ,—Å –ø—Ä–∞–∑–¥–Ω–∏–∫–æ–º ü•≥",0
14,"[id152121219|–Æ–ª–∏—è], —Å–ø–∞—Å–∏–±–æ, —Å–∞–º—ã–π –ª—É—á—à–∏–π —á–µ–ª–æ–≤–µ–∫ –Ω–∞ —Å–≤–µ—Ç–µ!!‚ù§Ô∏è",0
15,[id80667768|–ê–Ω–∞—Å—Ç–∞—Å–∏—è] –ø–æ–∑–¥—Ä–∞–≤–ª—è—é —Å –¥–Ω–µ–º —Å—Ç—É–¥–µ–Ω—Ç–∞ üí´,0
16,"[id555070215|–î–∏–ª—è—Ä–∞], –∏ —Ç–µ–±—è ‚ù§Ô∏è",0
17,"[id233979483|–î–∏–Ω–∞—Ä–∞] , –ø–æ–∑–¥—Ä–∞–≤–ª—è—é —Ç–µ–±—è –≤–Ω–æ–≤—å —Å –¥–Ω—ë–º —Å—Ç—É–¥–µ–Ω—Ç–∞ üéÇ",0
18,"[id394651075|–ß—É–ª–ø–∞–Ω] ,—Å –¥–Ω–µ–º —Å—Ç—É–¥–µ–Ω—Ç–∞üíô",0
19,"–ü–æ–∑–¥—Ä–∞–≤–ª—è—é, [id437452712|–Æ–ª–∏—è]",0
20,"[id769639069|–õ–∏–¥–∏—è], –µ—â—ë —Ä–∞–∑ —Å –ø—Ä–∞–∑–¥–Ω–∏–∫–æ–º! ‚ô•Ô∏è",0
21,[id227798151|Angeliza] —Å –¥–Ω–µ–º –≤–∫—É—Å–Ω–æ–π –ø–∏—Ü—Ü—ã –≤ –ø–µ–∫–∞—Ä–Ω–µ –Ω–∞ –ø–µ—Ä–µ–º–µ–Ω–µ,0
22,"[id364344295|–û–ª–µ—Å—è] , –ø–æ–∑–¥—Ä–∞–≤–ª—è—é!üî•‚ù§",0
23,[id258659053|–ê–ª—Å—É] –ø–æ–∑–¥—Ä–∞–≤–ª—è—é! ü•≥,0
24,"[id437452712|–Æ–ª–∏—è], [id364344295|–û–ª–µ—Å—è], –ø–æ–∑–¥—Ä–∞–≤–ª—è—é!!",0
25,"[id191824231|–ê–ª–∏–Ω–∞], –° –ü—Ä–∞–∑–¥–Ω–∏–∫–æ–º! ‚ù§Ô∏èü´∞",0
26,"[id163559634|–î–∏–Ω–∞—Ä–∞] , –ø–æ–∑–¥—Ä–∞–≤–ª—è—é —Ç–µ–±—è —Å –ø—Ä–æ—à–µ–¥—à–∏–º –¥–Ω–µ–º —Å—Ç—É–¥–µ–Ω—Ç–∞ ‚ù§Ô∏è",0
27,"[id490973588|–ê–ª–∏—Å–∞] , –ø–æ–∑–¥—Ä–∞–≤–ª—è—é —Ç–µ–±—è —Å –ø—Ä–∞–∑–¥–Ω–∏–∫–æ–ºüî•‚ù§üíã",0
28,"[id605621438|–ö–∏—Ä–∏–ª–ª], –∞–∫—Ü–∏—è –±–ª–∞–≥–æ—Ç–≤–æ—Ä–∏—Ç–µ–ª—å–Ω–∞—è,  –æ–ø–ª–∞—á–∏–≤–∞–µ—Ç—Å—è —Ç–æ–ª—å–∫–æ –ø—Ä–æ–∂–∏–≤–∞–Ω–∏–µ –∏ –ø–∏—Ç–∞–Ω–∏–µ)",0
29,–ê –ø–ª–∞—Ç–∏—Ç—å –±—É–¥—É—Ç?,0
30,–õ–µ–π–ª–∞ –ª—É—á—à–∞—è! üíô,0
31,"–°–ø–∞—Å–∏–±–æ –≤—Å–µ–º, –º–æ–∏ —Ö–æ—Ä–æ—à–∏–µ ‚ù§üôÜ üò¢",0
32,Unwirkliche Sch√∂nheit!,0
33,"–ú–æ—è –∂–µ –ª—é–±–∏–º–∞—è üòç –ò —Å–æ–≥–ª–∞—Å–Ω–∞ —Å —ç—Ç–∏–º –ª—É—á–µ–∑–∞—Ä–Ω—ã–º —á–µ–ª–æ–≤–µ—á–∫–æ–º –Ω–∞ –≤—Å–µ 100% –ï—Å–ª–∏ –±—ã –Ω–µ –î–µ—Å–∞–Ω—Ç, —Ç–æ –∏ –Ω–µ –º—ãüòÖ",0
34,–õ—ç–π–ª–∞ –ù–∏—è–∑–æ–≤–∞ –ª—É—á—à–∞—è –≤–æ–∂–∞—Ç–∞—è –≤ –º–∏—Ä–µ!!!!!üíã‚ù§,0
35,–§–∏–∑–∫—É–ª—å—Ç—É—Ä–∞ –∏ —Å–ø–æ—Ä—Ç –ø–æ–º–æ–≥–∞—é—Ç –ø–æ–¥–≥–æ—Ç–æ–≤–∏—Ç—å—Å—è –∫ —ç–∫–∑–∞–º–µ–Ω–∞–º,0
36,–õ—é–±–∏–º—ã–µ —Ç—Ä–µ–∫–∏ –Ω–∞ —Ñ–æ–Ω–µ —Ç–æ–∂–µ —Ç–µ–º–∞ üíÅüéß,0
37,"–ü–æ–∑–¥—Ä–∞–≤–ª—è—é –≤–∞—Å, –¥—Ä—É–∑—å—èüî•–í—ã –±–æ–ª—å—à–∏–µ –º–æ–ª–æ–¥—Ü—ã, –õ–µ–π–ª–∞ –∏ –ê—Ä—Ç—ë–ºüëç –†–∞–¥–∞, —á—Ç–æ —É –®—Ç–∞–±–∞ —Ç–∞–∫–æ–π –∫–ª–∞—Å—Å–Ω—ã–π –∫–æ–º. —Å–æ—Å—Ç–∞–≤ üí™ –û—Ç—Ä–∞–¥–Ω–æ –≤–∏–¥–µ—Ç—å —É—Å–ø–µ—Ö–∏ –ª—é–¥–µ–π ""–õ–æ—Ç–æ—Å–∞"", –≤–µ–¥—å #—Å–µ—Ä–≤–∏—Å–Ω—ã–π—Å–∏–ª–∞ üíö",0
38,–°–ø–∞—Å–∏–±–æ –±–æ–ª—å—à–æ–µ‚ù§Ô∏è,0
39,1. –≠–¥–≤–∞—Ä–¥ —Ä—É–∫–∏-–Ω–æ–∂–Ω–∏—Ü—ã 2. –ö–æ—Ä–æ–ª–µ–≤—ã –∫—Ä–∏–∫–∞ 3. –ö–∞—Ä–æ–ª–∏–Ω–∞ –≤ —Å—Ç—Ä–∞–Ω–µ –∫–æ—à–º–∞—Ä–æ–≤  4. –¢—Ä—É–ø –Ω–µ–≤–µ—Å—Ç—ã 5. –ü—Ä–æ–∫–ª—è—Ç—ã–π –¥–æ–º  üòÜüòÖ,0
40,"""–í—Å–µ —Ä–∞–≤–Ω–æ —Å–æ—Å—É—Ç""‚Äî –¥–∞–ª–∏ –∫–æ–º–º–µ–Ω—Ç–∞—Ä–∏–∏ –≤ –∞–¥–º–∏–Ω–∏—Å—Ç—Ä–∞—Ü–∏–∏",1
41,–ï—Å–ª–∏ –±—ã —Ç—Ä–µ–Ω–∏–Ω–≥ –±—ã–ª –Ω–∞–∑–≤–∞–Ω–∏–µ–º —Å—É—â–µ—Å—Ç–≤—É—é—â–µ–≥–æ —Ñ–∏–ª—å–º–∞  —Ç–æ  –æ–Ω –±—ã –Ω–∞–∑—ã–≤–∞–ª—Å—è - –ü—Ä–∏–∫–ª—é—á–µ–Ω–∏—è –®—É—Ä–∏–∫–∞ –Ω–∞ –Ω–æ–≤—ã–π –ª–∞–¥.,1
42,–ª–∏–±–æ  –ß–∞—Å—Ç–Ω–æ–µ –ø–∏–æ–Ω–µ—Ä—Å–∫–æ–µ.,0
43,–ª–∏–±–æ –¥–æ–±—Ä–æ –ø–æ–∂–∞–ª–æ–≤–∞—Ç—å –∏–ª–∏ –ø–æ—Å—Ç–æ—Ä–æ–Ω–Ω–∏–º –≤—Ö–æ–¥ –≤–æ—Å–ø—Ä–µ—â–µ–Ωüíê,1
44,"–ï—Å–ª–∏ –±—ã —Ç—Ä–µ–Ω–∏–Ω–≥ –±—ã–ª –Ω–∞–∑–≤–∞–Ω–∏–µ–º —Å—É—â–µ—Å—Ç–≤—É—é—â–µ–≥–æ —Ñ–∏–ª—å–º–∞, —Ç–æ –æ–Ω –Ω–∞–∑—ã–≤–∞–ª—Å—è ¬´13 –ø—Ä–∏—á–∏–Ω –ø–æ—á–µ–º—É...¬ªüòú",1
45,"–≤ –±–æ–π –∏–¥—É—Ç –æ–¥–Ω–∏ ""—Å—Ç–∞—Ä–∏–∫–∏""",1
46,–±–µ–ª–æ—Ä—É—Å—Å–∫–∏–π –≤–æ–∫–∑–∞–ª,0
47,–ì–æ–ª–æ–≤–æ–ª–æ–º–∫–∞,0
48,"""–î–æ –≤—Å—Ç—Ä–µ—á–∏ —Å –≤–∞–º–∏""",0
49,–ö–æ—Ä–æ–ª–µ–≤–∞ –°–≤–µ—Ç–∞,0
50,–≠—Ç–æ –ø–ª–µ–π—Å—Ö–æ–æ–¥–µ—Ä –ø—Ä–µ–¥–ª–æ–∂–µ–Ω–∏–µ,0
51,"–ë–æ–ª–µ–ª—å—â–∏–∫ —Å–æ–±–∏—Ä–∞–µ—Ç—Å—è –Ω–∞ —Ñ—É—Ç–±–æ–ª... –ñ–µ–Ω–∞ :
- –¢—ã —Å–≤–æ–∏ÃÜ ""–°–ø–∞—Ä—Ç–∞–∫"" –ª—é–±–∏—à—å –±–æ–ª—å—à–µ —á–µ–º –º–µ–Ω—è..
- –•–∞...–Ø –∏ ""–î–∏–Ω–∞–º–æ"" –±–æ–ª—å—à–µ —Ç–µ–±—è –ª—é–±–ª—é ! ...

",1
52,"–°–∫–∞—á–µ—Ç –∫–æ–≤–±–æ–∏ÃÜ –Ω–∞ –ª–æ—à–∞–¥–∏ –ø–æ –ø—Ä–µ—Ä–∏–∏.–í–¥—Ä—É–≥ –ª–æ—à–∞–¥—å
—Å–ø–æ—Ç—ã–∫–∞–µ—Ç—Å—è, –∫–æ–≤–±–æ–∏ÃÜ –≤—ã–ª–µ—Ç–∞–µ—Ç –∏–∑ —Å–µ–¥–ª–∞, –≤—Å—Ç–∞–µ—Ç,
–ø–æ—á–µ—Å—ã–≤–∞—è –∑–∞—Ç—ã–ª–æ–∫:
- –ê—Ö, –∑–Ω–∞–ª –±—ã, –≥–¥–µ —É–ø–∞–¥—É, —Å–æ–ª–æ–º–∫–∏ –±—ã –ø–æ–¥—Å—Ç–µ–ª–∏–ª!
–õ–æ—à–∞–¥—å:
- –ê–≥–∞, –∑–∞–æ–¥–Ω–æ –∏ –ø–æ–µ–ª–∏ –±—ã.
",1
53,"–ú–µ–Ω—è—é –í–ê–ó-2110 –Ω–∞ –≤–∞—Å –≤ 21:10!
",1
54,"–õ–µ–∫—Ü–∏—è –ø–æ —ç—Ç–∏–∫–µ. –ü—Ä–æ—Ñ–µ—Å—Å–æ—Ä:
- –ú–æ–ª–æ–¥—ã–µ –ª—é–¥–∏, –µ—Å–ª–∏ –≤—ã —É–≤–∏–¥–µ–ª–∏, —á—Ç–æ —É –¥–µ–≤—É—à–∫–∏ –Ω–∞ —è–≥–æ–¥–∏—Ü–µ –Ω–∏—Ç–∫–∞, –≤—ã –¥–æ–ª–∂–Ω—ã —Å–∫–∞–∑–∞—Ç—å –µ–∏ÃÜ –æ–± —ç—Ç–æ–º –∫–∞–∫ –º–æ–∂–Ω–æ –¥–µ–ª–∏–∫–∞—Ç–Ω–µ–µ. –ù–∞–ø—Ä–∏–º–µ—Ä: ""–î–µ–≤—É—à–∫–∞, —É –≤–∞—Å –Ω–∞ –ø–ª–µ—á–µ –Ω–∏—Ç–∫–∞"". –î–µ–≤—É—à–∫–∞ –≥–ª—è–Ω–µ—Ç –Ω–∞ –ø–ª–µ—á–æ, –ø–æ—Ç–æ–º –Ω–∏–∂–µ - –∏ —É–≤–∏–¥–∏—Ç.
–°—Ç—É–¥–µ–Ω—Ç–∫–∞:
- –ü—Ä–æ—Ñ–µ—Å—Å–æ—Ä, –∞ —É –≤–∞—Å –Ω–∞ –≥–∞–ª—Å—Ç—É–∫–µ –º–æ–ª–Ω–∏—è —Ä–∞—Å—Å—Ç–µ–≥–Ω—É–ª–∞—Å—å.

",1
55,"–ò –æ–Ω —Å–∫–∞–∑–∞–ª –µ–∏ÃÜ: ""–°–≤—è–∑—å —Ä–∞–∑–æ—Ä–≤–∞–Ω–∞""
–¢–∞–∫ –æ–Ω–∞ –≤–æ–∑–Ω–µ–Ω–∞–≤–∏–¥–µ–ª–∞... –º–æ–¥–µ–º


",1
56,"Unix - —ç—Ç–æ –Ω–µ —Å–≤–∞–ª–∫–∞ –∫–æ—Å—Ç—ã–ª–µ–∏ÃÜ –∏ –ø–æ–¥–ø–æ—Ä–æ–∫. –≠—Ç–æ —Å—Ç—Ä–æ–∏ÃÜ–Ω–∞—è, –ª–æ–≥–∏—á–Ω–∞—è —Å–∏—Å—Ç–µ–º–∞–∫–æ—Å—Ç—ã–ª–µ–∏ÃÜ –∏ –ø–æ–¥–ø–æ—Ä–æ–∫. ;)    (Vitaly Lugovsky ""vsl@ontil.ihep.su"")

",1
57,"""Maks|home"" Oracle - —ç—Ç–æ –±–∞–∑–∞ –¥–∞–Ω–Ω—ã—Ö, –∞ –º—É—Å–∫—É–ª—å - —ç—Ç–æ —Ñ–∞–ª–æ–∏–º–∏—Ç–∞—Ç–æ—Ä —Å –≥–≤–æ–∑–¥—è–º–∏

",1
58,"–í–æ–±–ª–∞—Å—Ç–∏ - –≤–Ω—É—Ç—Ä–µ–Ω–æ—Å—Ç–∏ –≤–æ–±–ª–∏...


",1
59,"–í–æ–µ–Ω–Ω—ã–∏ÃÜ –≥—Ä–∞–∂–¥–∞–Ω—Å–∫–æ–º—É: –ï—Å–ª–∏ –≤—ã –≤—Å–µ —Ç–∞–∫–∏–µ —É–º–Ω—ã–µ, —Ç–æ –ø–æ—á–µ–º—É —Å—Ç—Ä–æ–µ–º –Ω–µ —Ö–æ–¥–∏—Ç–µ?
",1
60,"–°–øi–∏ÃÜ–º–∞–ª–∏ –º—î–Ω—Ç–∏ i–Ω—Ç–µ—Ä–¥—î–≤–æ—á–∫—É, –Ω—É i –¥–∞–≤–∞–∏ÃÜ —ñÃà—ñÃà —Å—Ç–∏–¥–∏—Ç–∏, –º–æ–≤–ª—è–≤, —à–æ –∂ —Ç–∏, —Ä–æ–¥–Ω–∞—è, –±–ª*—è–¥—Å—Ç–≤–æ–º –∑–∞–∏ÃÜ–º–∞—î—à—Å—è. –ê –≤–æ–Ω–∞ i –∫–∞–∂–µ :
- –ùi–∫–∞–∫–∞—è —è –Ω–µ –±–ª*—è–¥—å, –∞ –Ω–∞—Ä–æ–¥–Ω–∞—è —Ü–µ–ªi—Ç—î–ª—å–Ωi—Ü–∞.
- –ê–≥–∞,- –∫–∞–∂—É—Ç—å –º—î–Ω—Ç–∏,- –∞ —à–æ –∂ —Ç–∏ —Ç–∞–∫–µ —Ä–æ–±–∏—à, —à–æ –æ—Ç–æ —Ç–∏ –Ω–∞—Ä–æ–¥–Ω–∞—è —Ü–µ–ªi—Ç—î–ª—å–Ω—ñ—Ü–∞, –≥–∞?
- –Ø–∫ —Ç–æ —à–æ? –í–∏–≤–æ–∂—É –∑ –æ—Ä–≥–∞–Ωi–∑–º—É –ª–∏—à–Ω—é —Å–ø—î—Ä–º—É !

",1
61,"–í—ã —Å–ª–∏—à–∫–æ–º –¥–æ–ª–≥–æ –µ–∑–¥–∏—Ç–µ –ø–æ –ú–æ—Å–∫–≤–µ –µ—Å–ª–∏:
1. –í—ã –Ω–µ –ø–æ–º–Ω–∏—Ç–µ, –∫–æ–≥–¥–∞ –ø–æ—Å–ª–µ–¥–Ω–∏–∏ÃÜ —Ä–∞–∑ –æ—Å—Ç–∞–Ω–∞–≤–ª–∏–≤–∞–ª–∏—Å—å –ü–ï–†–ï–î —Å—Ç–æ–ø-–ª–∏–Ω–∏–µ–∏ÃÜ, –≤ —Å–ª—É—á–∞–µ, –µ—Å–ª–∏ –ø–æ–¥–∫–∞—Ç–∏–ª–∏ –∫ –ø–µ—Ä–µ–∫—Ä–µ—Å—Ç–∫—É –ø–µ—Ä–≤—ã–º.
2. –í–∞—à –ª–∏—á–Ω—ã–∏ÃÜ —Ä–µ–∫–æ—Ä–¥ –≤–æ –¥–≤–æ—Ä–µ –¥–æ–º–∞ - 70 –∫–º/—á, –∞ –≤ –ú–æ—Å–∫–≤–µ - –∑–∞ 150.
3. –ï—Å–ª–∏ –≥–æ—Ä–∏—Ç –∑–µ–ª–µ–Ω—ã–∏ÃÜ, –∞ –ø–µ—Ä–µ–∫—Ä–µ—Å—Ç–æ–∫ –∑–∞–Ω—è—Ç - –Ω–µ–æ–±—Ö–æ–¥–∏–º–æ –≤—ã–µ—Ö–∞—Ç—å –Ω–∞ –Ω–µ–≥–æ. –ö–∞–∫–∞—è —Ä–∞–∑–Ω–∏—Ü–∞, —á—Ç–æ –ø–æ–ø–µ—Ä–µ—á–Ω—ã–µ –Ω–µ –ø—Ä–æ–µ–¥—É—Ç. –í—ã –∂–µ –µ—Ö–∞–ª–∏ –Ω–∞ —Å–≤–æ–∏ÃÜ —Å–∏–≥–Ω–∞–ª —Å–≤–µ—Ç–æ—Ñ–æ—Ä–∞.
4. –ü–æ–≤–æ—Ä–æ—Ç–Ω–∏–∫ –Ω–∞–¥–æ –≤–∫–ª—é—á–∞—Ç—å –∫–æ–≥–¥–∞ –º–∏–Ω–∏–º—É–º –ø–æ–ª–º–∞—à–∏–Ω—ã —É–∂–µ –Ω–∞ –¥—Ä—É–≥–æ–∏ÃÜ –ø–æ–ª–æ—Å–µ. –í–µ–¥—å –µ—Å–ª–∏ –≤–∫–ª—é—á–∏—Ç—å –∑–∞—Ä–∞–Ω–µ–µ - —Ç–æ –Ω–µ –ø—Ä–æ–ø—É—Å—Ç—è—Ç.
5. –ï—Å–ª–∏ –ø–µ—Ä–µ–¥ –≤–∞–º–∏ –≤–∫–ª—é—á–∏–ª–∏ –ø–æ–≤–æ—Ä–æ—Ç–Ω–∏–∫, –∞ –º–∞—à–∏–Ω–∞ –≤—Å–µ –µ—â–µ –Ω–µ –≤ –≤–∞—à–µ–º —Ä—è–¥—É, –≤—ã –∞–≤—Ç–æ–º–∞—Ç–∏—á–µ—Å–∫–∏ –¥–∞–≤–∏—Ç–µ –Ω–∞ –≥–∞–∑, –∞ –Ω–µ —Å–Ω–∏–º–∞–µ—Ç–µ –Ω–æ–≥—É —Å –ø–µ–¥–∞–ª–∏.
6. –í—ã –Ω–µ –∑–Ω–∞–µ—Ç–µ –Ω–∏ –æ–¥–Ω–æ–≥–æ –∑–Ω–∞–∫–∞/–ø—Ä–∞–≤–∏–ª–∞, –∫–æ—Ç–æ—Ä—ã–∏ÃÜ –Ω–µ–ª—å–∑—è –±—ã–ª–æ –±—ã –Ω–∞—Ä—É—à–∏—Ç—å –≤ —Å–ª—É—á–∞–µ –Ω–µ–æ–±—Ö–æ–¥–∏–º–æ—Å—Ç–∏ –∏–ª–∏ –ø–æ–∑–¥–Ω–æ –Ω–æ—á—å—é.
7. –í—ã –≤–æ–æ–±—â–µ –ø–æ–º–Ω–∏—Ç–µ –Ω–µ –±–æ–ª–µ–µ –¥–µ—Å—è—Ç–∫–∞ –∑–Ω–∞–∫–æ–≤.
8. –ï—Å–ª–∏ –≤—ã –ø–æ–¥—ä–µ–∑–∂–∞–µ—Ç–µ –∫ –ø–µ—Ä–µ–∫—Ä–µ—Å—Ç–∫—É, –∏ –Ω–∞ –Ω–µ–º –∑–Ω–∞–∫–∏ - 3 —Ä—è–¥–∞ –ø—Ä—è–º–æ, –ª–µ–≤—ã–∏ÃÜ —Ç–æ–ª—å–∫–æ –Ω–∞–ª–µ–≤–æ - –ø—Ä–∞–≤—ã–∏ÃÜ —Ç–æ–ª—å–∫–æ –Ω–∞–ø—Ä–∞–≤–æ - –≤—ã —Å–º–µ–ª–æ –≤—Å—Ç–∞–µ—Ç–µ –≤ –∫—Ä–∞–∏ÃÜ–Ω–∏–µ. –¢–∞–º –º–µ–Ω—å—à–µ –º–∞—à–∏–Ω. –î–∞ –∏ –≤—Å–µ —Ä–∞–≤–Ω–æ - 9 –∏–∑ 10 –ø–µ—Ä–µ–¥ –≤–∞–º–∏ –ø–æ–µ–¥—É—Ç
–ø—Ä—è–º–æ, –∞ –æ–¥–Ω–æ–≥–æ –æ—Ç–æ–∂–º—É—Ç –≤ —Å—Ç–æ—Ä–æ–Ω—É.
9. –ï—Å–ª–∏ –≤—ã —Å—Ç–∞—Ä—Ç—É–µ—Ç–µ —Å–æ —Å–≤–µ—Ç–æ—Ñ–æ—Ä–∞, –∞ –¥–æ —Å–ª–µ–¥—É—é—â–µ–≥–æ 300 –º, –∏ –æ–Ω –ø–µ—Ä–µ–∫–ª—é—á–∏–ª—Å—è –Ω–∞ –∫—Ä–∞—Å–Ω—ã–∏ÃÜ, —Ç–æ –Ω–∞–¥–æ –≥–Ω–∞—Ç—å –∏–∑–æ –≤—Å–µ—Ö —Å–∏–ª, —Ç–æ—Ä–º–æ–∑—è –ø–æ—Ç–æ–º –≤ –ø–æ–ª. –¢–∞–∫–∏–º –æ–±—Ä–∞–∑–æ–º –≤—ã –∑–∞–Ω–∏–º–∞–µ—Ç–µ –ø–æ–∑–∏—Ü–∏—é —á—É—Ç—å –±–ª–∏–∂–µ –∫ –∑–∞–≤–µ—Ç–Ω–æ–∏ÃÜ —Ü–µ–ª–∏, –≥–¥–µ-—Ç–æ –Ω–∞ 0.3-0.35 —Å–µ–∫.
10. –°—Ç–æ—è –≤ –ø—Ä–æ–±–∫–µ, –≤—ã –ø—Ä–∏–∂–∏–º–∞–µ—Ç–µ—Å—å –±–∞–º–ø–µ—Ä–æ–º –∫ –ø–µ—Ä–µ–¥–Ω–µ–∏ÃÜ –º–∞—à–∏–Ω–µ —Ç–∞–∫, —á—Ç–æ –º–µ–∂–¥—É –≤–∞–º–∏ –Ω–µ –ø—Ä–æ–∏ÃÜ–¥–µ—Ç –ø–µ—à–µ—Ö–æ–¥. –ó–∞—Ç–æ –≤—ã –ø—Ä–æ–µ—Ö–∞–ª–∏ –±–û–ª—å—à—É—é –¥–∏—Å—Ç–∞–Ω—Ü–∏—é
(–ø–ª–µ–≤–∞—Ç—å, —á—Ç–æ –µ—Å–ª–∏ –≤–ø–µ—Ä–µ–¥–∏ –≤–∫–ª—é—á–∞—Ç –∞–≤–∞—Ä–∏–∏ÃÜ–∫—É, –≤—ã –±—É–¥–µ—Ç–µ –ø–æ–ª—á–∞—Å–∞ –º–∞—Ç–µ—Ä—è—Å—å —Å–¥–∞–≤–∞—Ç—å –Ω–∞–∑–∞–¥).
11. –í –ø—Ä–æ–±–∫–µ, –µ—Å–ª–∏ —á–µ–ª–æ–≤–µ–∫ –ø–µ—Ä–µ–¥ –≤–∞–º–∏ –Ω–µ –ø—Ä–æ–µ–∑–∂–∞–µ—Ç 2 –º–µ—Ç—Ä–∞, –æ—Å–≤–æ–±–æ–¥–∏–≤—à–∏—Ö—Å—è –ø–µ—Ä–µ–¥ –Ω–∏–º - –≤—ã –≤–∫–ª—é—á–∞–µ—Ç–µ –¥–∞–ª—å–Ω–∏–∏ÃÜ, –∏ –ø–∞–¥–∞–µ—Ç–µ –≥—Ä—É–¥—å—é –Ω–∞ –≥—É–¥–æ–∫. –í–µ–¥—å –µ—Å—Ç—å –∂–µ –º–µ—Å—Ç–æ!!
12. –í–æ–æ–±—â–µ –≤ –ø—Ä–æ–±–∫–µ –≤—ã –≤–∫–ª—é—á–∞–µ—Ç–µ –ø–µ—Ä–µ–¥–∞—á—É, –∏ –¥–µ—Ä–∂–∏—Ç–µ —Å—Ü–µ–ø–ª–µ–Ω–∏–µ –Ω–∞ –≥—Ä–∞–Ω–∏ —Ç—Ä–æ–≥–∞–Ω—å—è, —á—Ç–æ–±—ã –Ω–µ –ø—Ä–æ–ø—É—Å—Ç–∏—Ç—å –º–æ–º–µ–Ω—Ç –ø–æ–¥–∫–∞—Ç–∏—Ç—å—Å—è –∫ –ø–µ—Ä–µ–¥—ã–¥—É—â–µ–∏ÃÜ –º–∞—à–∏–Ω–µ (–ø.10).
13. –ü—Ä–æ—á–∏—Ç–∞–≤ —ç—Ç–æ, –≤—ã –Ω–µ —Å–∫–∞–∑–∞–ª–∏ ""–Ω—É –Ω–∞–¥–æ –∂–µ, –±—ã–≤–∞—é—Ç –∂–µ –∫–æ–∑–ª—ã, –∫–æ—Ç–æ—Ä—ã–µ —Ç–∞–∫ –µ–∑–¥—è—Ç"".

",1
62,"–ö–∞–∫–æ–∏ÃÜ –∂–µ ""—Ä—É—Å—Å–∫–∏–∏ÃÜ"" –Ω–µ –ª—é–±–∏—Ç ""–Ω–∞ –ª–∞–ø—É""!?


",1
63,"... –ê –∏–∑ –∫—É—Å—Ç–æ–≤ –≤—ã—à–ª–∏ –µ—â–µ —Ç—Ä–∏–¥—Ü–∞—Ç—å —Ç—Ä–∏ –±–æ–≥–∞—Ç—ã—Ä—è. –í—ã—à–ª–∏ –æ–Ω–∏, –∑–∞—Å—Ç–µ–≥–Ω—É–ª–∏ –¥–æ—Å–ø–µ—Ö–∏...

",1
64,"–∫–∞–∫ –ø–∏–≤–æ –Ω–µ –æ—Ö–ª–∞–∂–¥–∞–∏ÃÜ, –æ–Ω–æ –≤—Å–µ —Ä–∞–≤–Ω–æ –∫–æ–Ω—á–∏—Ç—Å—è


",1
65,"–î–æ—Ä–æ–≥–∞ –∫ –∑–∞–≤–∏—Å–∞–Ω–∏—é Windows –≤—ã—Å—Ç–ª–∞–Ω–∞ –±–ª–∞–≥–∏–º–∏ –∫–ª–∏–∫–∞–º–∏.


",1
66,"–¥–µ–º–æ–∫—Ä–∞—Ç–∏—è - —ç—Ç–æ –¥–∏–∫—Ç–∞—Ç—É—Ä–∞ –¥–µ–º–æ–∫—Ä–∞—Ç–æ–≤...

Aleks Fisch


",1
67,"–ø–∏%&–µ—Ü –∫–∞–∫ –∫–æ–Ω–µ—á–Ω–∞—è —Å—Ç–∞–¥–∏—è –æ–ø–∏%&–µ–Ω–µ–Ω–∏—è.


",1
68,"–£—á–µÃà–Ω—ã–º–∏ –±—ã–ª–∞ —Ä–∞–∑—Ä–∞–±–æ—Ç–∞–Ω–∞ –∫–æ–Ω—Ü–µ–ø—Ü–∏—è –Ω–æ–≤–æ–∏ÃÜ –Ω–∞—É–∫–∏ –Ω–∞ –æ—Å–Ω–æ–≤–µ –∫–∏–±–µ—Ä–Ω–µ—Ç–∏–∫–∏ –∏ –º–∞—Ç–µ–º–∞—Ç–∏–∫–∏. –ù–∞—É–∫—É –Ω–∞–∑–≤–∞–ª–∏ –∫–∏–±–µ–Ω–∏–º–∞—Ç–∏–∫–∞.

",1
69,"–í —Ä–æ—Ç–Ω–æ–∏ÃÜ —Å—Ç–µ–Ω–Ω–æ–∏ÃÜ –≥–∞–∑–µ—Ç–µ –≤ –∑–∞–º–µ—Ç–∫–µ –æ–ø–∏—Å—ã–≤–∞–ª—Å—è —Ç–∞–∫–æ–∏ÃÜ —ç–ø–∏–∑–æ–¥:
–ü—É–ª–µ–º–µ—Ç —Å–º–æ–ª–∫, –∫–æ–Ω—á–∏–ª–∏—Å—å –ø–∞—Ç—Ä–æ–Ω—ã.
- –ù–æ –≤—ã –∂–µ –∫–æ–º—Å–æ–º–æ–ª–µ—Ü, - –ø—Ä–∏–∑—ã–≤–Ω–æ –æ–±—Ä–∞—Ç–∏–ª—Å—è –∫–æ–º—Å–æ—Ä–≥ –∫
–ø—É–ª–µ–º–µ—Ç—á–∏–∫—É. –ò –ø—É–ª–µ–º–µ—Ç —Å–Ω–æ–≤–∞ —è—Ä–æ—Å—Ç–Ω–æ –∑–∞—Å—Ç—Ä–æ—á–∏–ª...
",1
70,"–ú—É–∂–∏–∫ —É –≤—Ä–∞—á–∞:
-–î–æ–∫—Ç–æ—Ä, —á—Ç–æ-—Ç–æ —É –º–µ–Ω—è –≥–æ–ª–æ–≤–∞ –∫—Ä—É–∂–∏—Ç—Å—è –∏ –º–æ—à–∫–∏ –≤–æ–∫—Ä—É–≥ –ª–µ—Ç–∞—é—Ç.
–í—Ä–∞—á:
-–î–∏—Ö–ª–æ—Ñ–æ—Å –ø–∏–ª–∏?
–ú—É–∂–∏–∫:
-–ü–∏–ª, –Ω–µ –ø–æ–º–æ–≥–∞–µ—Ç.
",1
71,"–ò–¥–µÃà—Ç –®—Ç–∏—Ä–ª–∏—Ü –∏ –¥—É–º–∞–µ—Ç, —á—Ç–æ –µ–≥–æ —Å–¥–∞–µÃà—Ç –∑–∞ —Ä—É—Å—Å–∫–æ–≥–æ —à–ø–∏–æ–Ω–∞:
–∏–ª–∏ –∑–≤–µ–∑–¥–∞ –Ω–∞ –±—É–¥–µÃà–Ω–æ–≤–∫–µ,
–∏–ª–∏ —Å–∏–≥–∞—Ä–µ—Ç–∞ ""–ö–∞–∑–±–µ–∫"" –≤ —É–≥–ª—É —Ä—Ç–∞,
–∏–ª–∏ –ø–∞—Ä–∞—à—é—Ç, –∫–æ—Ç–æ—Ä—ã–∏ÃÜ –≤–æ–ª–æ—á–∏—Ç—å—Å—è –∑–∞ –Ω–∏–º –ø–æ –º–æ—Å—Ç–æ–≤–æ–∏ÃÜ.

",1
72,"–í –∫–æ–º–Ω–∞—Ç—É –∫ –ê–Ω–∫–µ –≤–æ—à–µ–ª –§—É—Ä–º–∞–Ω–æ–≤. –ü–æ–¥—Ç—è–Ω—É—Ç—ã–∏ÃÜ, –≤ –≥–∏–º–Ω–∞—Å—Ç–µ—Ä–∫–µ, –≤–µ—Å—å –≤—Ä–µ–º–Ω—è—Ö.- –≠—Ö, –µ—Å–ª–∏ –±—ã –æ–Ω –µ—â–µ –∏ –ø–µ–ª, –∫–∞–∫ –†–∞—Å—Ç–æ—Ä–≥—É–µ–≤... - –≤–∑–¥–æ—Ö–Ω—É–≤, –ø–æ–¥—É–º–∞–ª–∞ –ê–Ω–∫–∞.
",1
73,"- –ú–∞–º–∞, –∞ –º–æ–∂–Ω–æ —è —Ç–æ–∂–µ –±—É–¥—É –Ω–æ—Å–∏—Ç—å –ª–∏—Ñ—á–∏–∫ - –≤–µ–¥—å –º–Ω–µ —É–∂–µ 14 –ª–µ—Ç ???
- –ó–∞—Ç–∫–Ω–∏—Å—å, –î–∂–µ–∫ ! :-|

",1
74,"–í –ø–∏—Ç–µ—Ä—Å–∫–æ–º –î–æ–º–µ –ø—Ä–∏—Ä–æ–¥—ã –≤–æ –≤—Ä–µ–º—è –æ–¥–Ω–æ–∏ÃÜ –≤—ã—Å—Ç–∞–≤–∫–∏ –∞–∫–≤–∞—Ä–∏—É–º–Ω—ã—Ö —Ä—ã–±–æ–∫ –æ–∫–æ–ª–æ –∞–∫–≤–∞—Ä–∏—É–º–æ–≤ –≤–∏—Å–µ–ª–∞ —Ç–∞–±–ª–∏—á–∫–∞ ""–†–´–ë –ù–ï –ö–û–†–ú–ò–¢–¨! "", –≥–¥–µ —Å–Ω–∏–∑—É —Ñ–ª–æ–º–∞—Å—Ç–µ—Ä–æ–º –∫—Ç–æ-—Ç–æ –ø—Ä–∏–ø–∏—Å–∞–ª: ""–ò –ü–ò–¢–¨ –ù–ï –î–ê–í–ê–¢–¨! ""
",1
75,"–ù–∞ —Å–º–µ–Ω—É —ç–ø–æ—Ö–µ –∑–∞—Å—Ç–æ—è –ø—Ä–∏—à–ª–∞ —ç–ø–æ—Ö–∞ –æ—Ç—Å—Ç–æ—è...


",1
76,"–ü–æ–µ—Ö–∞–ª –∫–∞–∫ —Ç–æ –¥–∂–∏–≥–∏—Ç –∏–∑ –¥–∞–ª–µÃà–∫–æ–≥–æ –≥–æ—Ä–Ω–æ–≥–æ –∞—É–ª–∞ –≤ –≥–æ—Ä–æ–¥, –∑–æ–æ–ø–∞—Ä–∫ –ø–æ—Å–º–æ—Ç—Ä–µ—Ç—å. –í–µ—Ä–Ω—É–ª—Å—è –¥–æ–º–æ–∏ÃÜ –ø–æ–ª–Ω—ã–∏ÃÜ –≤–ø–µ—á–∞—Ç–ª–µ–Ω–∏–∏ÃÜ. –°–æ—Å–µ–¥ –µ–≥–æ —Å–ø—Ä–∞—à–∏–≤–∞–µ—Ç:
- –ù—É —Ç–∏ —à—Ç–æ —Ç–∞–º –≤–∏–¥—ç–ª?
- –ñ–∏—Ä–∞—Ñ –≤–∏–¥—ç–ª!
- –ï—Ç–∞ –∫—Ç–æ —Ç–∞–∫–æ–∏ÃÜ?
- –ù—É –∏—à—è–∫ –∑–Ω–∞–µ—à—å? –ó–Ω–∞—é. –ù—É –≤–æ—Ç —Ç–æ—á–Ω–æ —Ç–∞–∫–æ–∏ÃÜ–∂–µ —Ç–æ–ª–∫–æ —à–µ—è –¥–ª–∏–Ω–Ω–∏–∏ÃÜ.
- –ê –µ—à–æ –∫—Ç–æ –≤–∏–¥—ç–ª?
- –ó–µ–±—Ä–∞ –≤–∏–¥—ç–ª!
- –ê –µ—Ç–∞ –∫–∞–∫?
- –ù—É –∏—à—è–∫ –∑–Ω–∞–µ—à—å? –ó–Ω–∞—é. –ù—É –≤–æ—Ç —Ç–æ—á–Ω–æ —Ç–∞–∫–æ–∏ÃÜ–∂–µ —Ç–æ–ª–∫–æ –≤—ç—Å –ø–æ–ª–æ—Å–∞—Ç–∏–∏ÃÜ.
- –ê –∫—Ço-—Ç–æ –Ω–µ–æ–±–∏—á–Ω–∏–∏ÃÜ –±–∏–ª?
- –î–∞ —É–¥–∞–≤ –±–∏–ª!
- –ö–∞–∫ –µ—Ç–∞?
- –ù—É –∏—à—è–∫ –∑–Ω–∞–µ—à—å? –ó–Ω–∞—é. –ù—É –≤–æ—Ç —Ö@–∏ÃÜ –µ—Å—Ç—å –∏—à—è–∫ –Ω—ç—Ç! ""
",1
77,"–≠–Ω—Ç—É–∑–∏–∞—Å—Ç –∏–∑ –ì–µ—Ä–º–∞–Ω–∏–∏ –ø–æ—Å—Ç—Ä–æ–∏–ª –ø–æ–ª–Ω–æ—Ä–∞–∑–º–µ—Ä–Ω—É—é –º–æ–¥–µ–ª—å ‚Äú—Ñ–æ—Ä–º—É–ª—å–Ω–æ–≥–æ‚Äù –±–æ–ª–∏–¥–∞ McLaren-Mercedes MP4/14 –∏–∑ —Å–ø–∏—á–µ–∫.
–ù–∞ –µ–µ —Å–æ–∑–¥–∞–Ω–∏–µ —É—à–ª–æ —à–µ—Å—Ç—å –ª–µ—Ç, 956 —Ç—ã—Å—è—á —Å–ø–∏—á–µ–∫ –∏ 1686 —Ç—é–±–∏–∫–æ–≤ –∫–ª–µ—è, —Å–æ–æ–±—â–∞–µ—Ç —Å–∞–∏ÃÜ—Ç Jalopnik
–ì–ª–∞–≤–Ω–æ–µ –≤ —ç—Ç–æ–º –¥–µ–ª–µ - –ø—Ä–∞–≤–∏–ª—å–Ω—ã–∏ÃÜ –∫–ª–µ–∏ÃÜ, –∑–∞–¥—É–º—á–∏–≤–æ —Å–æ–æ–±—â–∞–µ—Ç —Å—á–∞—Å—Ç–ª–∏–≤—ã–∏ÃÜ —Å–æ–∑–¥–∞—Ç–µ–ª—å...

",1
78,"–ò–∑ —à–∫–æ–ª—å–Ω—ã—Ö —Å–æ—á–∏–Ω–µ–Ω–∏–∏ÃÜ:... –ø–æ–≥–∏–± –≤ –≤–æ–¥–∞—Ö –ò—Ä—Ç—ã—à–∞ –æ—Ç –±–ª–∞–≥–æ–¥–∞—Ä–Ω–æ–≥–æ –ø–æ—Ç–æ–º—Å—Ç–≤–∞.
",1
79,"–í—Ä–µ–º—è —Å–æ–±–∏—Ä–∞—Ç—å –∏ —Ä–∞–∑–±—Ä–∞—Å—ã–≤–∞—Ç—å –ø–∞–∑–ª—ã.


",1
80,"–ú—É–∂:
- –Ø –ø–æ—à–µ–ª –Ω–∞ —Ä—ã–±–∞–ª–∫—É!
–ñ–µ–Ω–∞:
- –ò–¥–∏, –∏–¥–∏! –ù–∏–∫—Ç–æ —Ç–µ–±—è –∑–∞ —Ä–æ–≥–∞ –Ω–µ –¥–µ—Ä–∂–∏—Ç...

",1
81,"–ò–≥—Ä–∞ ""–ß—Ç–æ? –ì–¥–µ? –ö–æ–≥–¥–∞?"".
- –ò—Ç–∞–∫, –≤–æ–ø—Ä–æ—Å: —Å–∫–æ–ª—å–∫–æ –±—É–¥–µ—Ç 2—Ö2?
–ó–Ω–∞—Ç–æ–∫–∏ –±—É—Ä–Ω–æ –æ–±—Å—É–∂–¥–∞—é—Ç, –∑–∞—Ç–µ–º –±–µ—Ä—É—Ç –¥–æ–ø–æ–ª–Ω–∏—Ç–µ–ª—å–Ω—É—é –º–∏–Ω—É—Ç—É.
–ó–∞–ª –∂–µ—Å—Ç–∞–º–∏ –¥–∞–µ—Ç –ø–æ–Ω—è—Ç—å, —á—Ç–æ —Ç–æ–∂–µ –Ω–µ –∑–Ω–∞e—Ç –æ—Ç–≤–µ—Ç.
- –ú—ã —Å—á–∏—Ç–∞–µ–º, —á—Ç–æ —ç—Ç–æ –ø—è—Ç—å.
- –í—ã –Ω–µ–ø—Ä–∞–≤–∏–ª—å–Ω–æ —Å—á–∏—Ç–∞–µ—Ç–µ. –ü—Ä–∞–≤–∏–ª—å–Ω—ã–∏ÃÜ –æ—Ç–≤–µ—Ç 4.
–°–ª–æ–≤–æ –±–µ—Ä–µ—Ç —Ö—Ä–∞–Ω–∏—Ç–µ–ª—å —Ç—Ä–∞–¥–∏—Ü–∏–∏ÃÜ:
- –ì–æ—Å–ø–æ–¥–∏–Ω –≤–µ–¥—É—â–∏–∏ÃÜ, —É –Ω–∏—Ö –Ω–µ –±—ã–ª–æ –∫–∞–ª—å–∫—É–ª—è—Ç–æ—Ä–∞, –ø–æ—ç—Ç–æ–º—É —Ç–æ—á–Ω—ã–∏ÃÜ –æ—Ç–≤–µ—Ç –æ–Ω–∏ –∑–Ω–∞—Ç—å –Ω–µ –º–æ–≥–ª–∏, –∞ —Ç–æ—á–Ω–æ—Å—Ç—å 25% –¥–ª—è —É—Å—Ç–Ω–æ–≥–æ —Å—á–µ—Ç–∞ - —ç—Ç–æ –æ—á–µ–Ω—å –Ω–µ–ø–ª–æ—Ö–æ–∏ÃÜ —Ä–µ–∑—É–ª—å—Ç–∞—Ç. –ö—Ä–æ–º–µ —Ç–æ–≥–æ, –æ—Ç–≤–µ—Ç –∑–Ω–∞—Ç–æ–∫–æ–≤ –ø—Ä–µ–¥—Å—Ç–∞–≤–ª—è–µ—Ç –∏–∑ —Å–µ–±—è —Ü–µ–ª–æ–µ —á–∏—Å–ª–æ, –∫–∞–∫ –∏ –ø—Ä–∞–≤–∏–ª—å–Ω—ã–∏ÃÜ –æ—Ç–≤–µ—Ç, –∞ –Ω–µ –¥—Ä–æ–±–Ω–æ–µ, –∫–∞–∫ –Ω–∞–ø—Ä–∏–º–µ—Ä 3,14. –ò –∫–∞–∫ –ø—Ä–∞–≤–∏–ª—å–Ω—ã–∏ÃÜ –æ—Ç–≤–µ—Ç, –æ–Ω–æ –æ–¥–Ω–æ–∑–Ω–∞—á–Ω–æ–µ, –∞ –Ω–µ 2—Ö –∏–ª–∏ 3—Ö-–∑–Ω–∞—á–Ω–æ–µ. –ò —á—Ç–æ —Å–∞–º–æ–µ –ø–æ—Ä–∞–∑–∏—Ç–µ–ª—å–Ω–æ–µ, –æ–Ω–æ —Ç–∞–∫ –∂–µ —è–≤–ª—è–µ—Ç—Å—è –ø–æ–ª–æ–∂–∏—Ç–µ–ª—å–Ω—ã–º —á–∏—Å–ª–æ–º, –∫–∞–∫ –∏ –ø—Ä–∞–≤–∏–ª—å–Ω—ã–∏ÃÜ –æ—Ç–≤–µ—Ç. –ü–æ—ç—Ç–æ–º—É —è —Å—á–∏—Ç–∞—é, —á—Ç–æ –∑–Ω–∞—Ç–æ–∫–∏ –æ—Ç–≤–µ—Ç–∏–ª–∏ –ø—Ä–∞–≤–∏–ª—å–Ω–æ.
–í–µ–¥—É—â–∏–∏ÃÜ: - –•–æ—Ä–æ—à–æ. –Ø –ø—Ä–∏—Å—É–∂–¥–∞—é –æ—á–∫–æ –∑–Ω–∞—Ç–æ–∫–∞–º. –°–ª–µ–¥—É—é—â–∏–∏ÃÜ —Ä–∞—É–Ω–¥!

",1
82,"- –ö–∞–∫ –∫—Ä–∞—Å–∏—Ç—å —è–∏ÃÜ—Ü–∞ –Ω–∞ –ø–∞—Å—Ö—É?- –ï—Å–ª–∏ –≤ –∫—Ä–∞—Å–Ω—ã–∏ÃÜ, —Ç–æ –æ–ø—É—Å—Ç–∏—Ç—å –≤ –∫–∏–ø—è—Ç–æ–∫, –µ—Å–ª–∏ –≤ —Å–∏–Ω–∏–∏ÃÜ, —Ç–æ –ø—Ä–∏–∂–∞—Ç—å –¥–≤–µ—Ä—å—é.
",1
83,"–ú–∞–ª–µ–Ω—å–∫–∏–∏ÃÜ –º–∞–ª—å—á–∏–∫ –≥—Ä–∞–Ω–∞—Ç—É –Ω–∞—à–µ–ª, –° –Ω–µ–∏ÃÜ –æ–Ω —Å–ø–æ–∫–æ–∏ÃÜ–Ω–æ –¥–æ –¥–æ–º—É –¥–æ—à–µ–ª. –ù–æ –∑–∞—Ö–æ—Ç–µ–ª–æ—Å—å –≥—Ä–∞–Ω–∞—Ç—É –≤–¥—Ä—É–≥ —Å—ä–µ—Å—Ç—å –ß–µ–ª—é—Å—Ç—å –Ω–∞—à–ª–∏ –∫–∏–ª–æ–º–µ—Ç—Ä–æ–≤ –∑–∞ —à–µ—Å—Ç—å.
",1
84,"- –°–ª–æ–≤–æ –∏–∑ —Ç—Ä–µ—Ö –±—É–∫–≤, –ø–æ—Å–µ—Ä–µ–¥–∏–Ω–µ ""–£"", –∏–Ω–æ–≥–¥–∞ —à–µ–≤–µ–ª–∏—Ç—å—Å—è?
- –ú—É–∂!
",1
85,"447 -- –ü—Ä–∏–≤–µ—Ç, –ê–Ω–¥—Ä—é—à–∞! –ö–∞–∫ —Ç—ã –∏–∑–º–µ–Ω–∏–ª—Å—è! –ë–µ–∑ –±–æ—Ä–æ–¥—ã, –±–µ–∑ —É—Å–æ–≤.
-- –ò–∑–≤–∏–Ω–∏—Ç–µ, –Ω–æ —è -- –Ω–µ –ê–Ω–¥—Ä—é—à–∞.
-- –ö–∞–∫? –ù—É, —Ç—ã –¥–∞–µ—à—å -- –∏ –∏–º—è –ø–æ–º–µ–Ω—è–ª?!

",1
86,"–í —Ç—Ä–∞–º–≤–∞–∏ÃÜ –≤—Ö–æ–¥–∏—Ç —á–µ–ª–æ–≤–µ–∫, —Å—Ç–∞–≤–∏—Ç —á–µ–º–æ–¥–∞–Ω –Ω–∞ –ø–æ–ª, –±–µ—Ä–µ—Ç –±–∏–ª–µ—Ç.
–û–±–æ—Ä–∞—á–∏–≤–∞–µ—Ç—Å—è - —á–µ–º–æ–¥–∞–Ω–∞ –Ω–µ—Ç.
- –ì—Ä–∞–∂–¥–∞–Ω–µ, –æ—Ç–¥–∞–∏ÃÜ—Ç–µ —á–µ–º–æ–¥–∞–Ω!
–û–±–æ—Ä–∞—á–∏–≤–∞–µ—Ç—Å—è - –Ω–µ—Ç —á–µ–º–æ–¥–∞–Ω–∞.
- –ì—Ä–∞–∂–¥–∞–Ω–µ, –æ—Ç–¥–∞–∏ÃÜ—Ç–µ —á–µ–º–æ–¥–∞–Ω!!
–û–±–æ—Ä–∞—á–∏–≤–∞–µ—Ç—Å—è - –Ω–µ—Ç —á–µ–º–æ–¥–∞–Ω–∞.
- –ì—Ä–∞–∂–¥–∞–Ω–µ, –æ—Ç–¥–∞–∏ÃÜ—Ç–µ —á–µ–º–æ–¥–∞–Ω, —è —Ç–æ –±—É–¥–µ—Ç, –∫–∞–∫ –≤ –û–¥–µ—Å—Å–µ!!!
–û–±–æ—Ä–∞—á–∏–≤–∞–µ—Ç—Å—è - —á–µ–º–æ–¥–∞–Ω —Å—Ç–æ–∏—Ç –Ω–∞ –º–µ—Å—Ç–µ. –ß–µ–ª–æ–≤–µ–∫ –±–µ—Ä–µ—Ç –µ–≥–æ –∏
–≤—ã—Ö–æ–¥–∏—Ç –∏–∑ —Ç—Ä–∞–º–≤–∞—è. –û–¥–∏–Ω –Ω–µ –≤—ã–¥–µ—Ä–∂–∞–ª, –ø–æ–¥–±–µ–∂–∞–ª –∏ —Å–ø—Ä–∞—à–∏–≤–∞–µ—Ç:
- –ê –∫–∞–∫ –±—ã–ª–æ –≤ –û–¥–µ—Å—Å–µ?
- –ù–µ –æ—Ç–¥–∞–ª–∏ —á–µ–º–æ–¥–∞–Ω!..

",1
87,"–°–∏–¥—è—Ç –Ω–∞ –∑–∞–±–æ—Ä–µ –≤ –≥–æ—Ä–æ–¥–µ –¥–≤–∞ –ø–µ—Ç—É—Ö–∞: –≥–æ—Ä–æ–¥—Å–∫–æ–∏ÃÜ –∏ –¥–µ—Ä–µ–≤–µ–Ω—Å–∫–∏–∏ÃÜ, —Å–∫—É—á–∞—é—Ç. –î–µ—Ä–µ–≤–µ–Ω—Å–∫–∏–∏ÃÜ —Ç—É—Ç –∏ –≥–æ–≤–æ—Ä–∏—Ç:
- –î–∞–≤–∞–∏ÃÜ, —á—Ç–æ –ª–∏, –ø–æ–∫—É–∫–∞—Ä–µ–∫–∞–µ–º?
- –î–∞–≤–∞–∏ÃÜ –ª—É—á—à–µ –≤ –∫—É–ª–∏–Ω–∞—Ä–∏—é —Å—Ö–æ–¥–∏–º - –Ω–∞ –≥–æ–ª—ã—Ö –±–∞–± –ø–æ—Å–º–æ—Ç—Ä–∏–º.

",1
88,"–ì—Ä—É–∑–∏–Ω —Å–∏–¥–∏—Ç –∫—É—à–∞–µ—Ç –ª—è–≥—É—à–∫—É, –ø–æ–¥—Ö–æ–¥–∏—Ç –≤—Ç–æ—Ä–æ–∏ÃÜ:
- –ß—Ç–æ –¥–µ–ª–∞–µ—à—å?
- –†—ã–±–∞ –∫—É—à–∞—é.
- –ì–¥–µ –≤–∑—è–ª—å?
- –°–∞–º –ø—Ä–∏–ø—Ä—ã–≥–∞–ª—å.
- –ü–æ—á–µ–º—É –∑–µ–ª–µ–Ω—ã–∏ÃÜ?
- –ù–∞–≤–µ—Ä–Ω–æ, –º–æ–ª–æ–¥–æ–∏ÃÜ –µ—â–µ.

",1
89,"–ù—É —á—Ç–æ —Å –Ω–µ–µ –≤–∑—è—Ç—å, –µ—Å–ª–∏ –æ–Ω–∞ –º–æ–∂–µ—Ç —Ç–æ–ª—å–∫–æ –¥–∞—Ç—å?!


",1
90,"–ö—Ä–µ–º–ª–µ–Ω–∏—Ç–µ—Ç


",1
91,"–ü—Ä–∞–∫—Ç–∏—á–µ—Å–∫–∏ —Å—Ä–∞–∑—É –ø–æ—Å–ª–µ —Å–æ–∑–¥–∞–Ω–∏—è —Å–∞–º–æ—Ä–∞—Å–ø—É—Å—Ç–∏–ª–∞—Å—å –æ—Ä–≥–∞–Ω–∏–∑–∞—Ü–∏—è –¥–æ–Ω–µ—Ü–∫–∏—Ö —É–ª—å—Ç—Ä–∞—Å–µ–ø–∞—Ä–∞—Ç–∏—Å—Ç–æ–≤: –æ–Ω–∏ —Ç–∞–∫ –∏ –Ω–µ —Å—É–º–µ–ª–∏ –≤—ã–≥–æ–≤–æ—Ä–∏—Ç—å —Å–≤–æ–µ–≥–æ –Ω–∞–∑–≤–∞–Ω–∏—è.

",1
92,"–ü–µ—Ä–µ–¥ –æ–≥—Ä–æ–º–Ω–æ–∏ÃÜ –æ—á–µ—Ä–µ–¥—å—é –≤ –º–∞–≥–∞–∑–∏–Ω–µ –≤—ã—Å—Ç—É–ø–∞–µ—Ç –º—É–∂–∏–∫: —Ç–æ —Ü—ã–≥–∞–Ω–æ—á–∫—É —Å–ø–ª—è—à–µ—Ç, —Ç–æ —Å—Ç–∏—Ö–∏ –ø–æ—á–∏—Ç–∞–µ—Ç, —Ç–æ –∞–Ω–µ–∫–¥–æ—Ç—ã –≤ –ª–∏—Ü–∞—Ö –ø–æ–∫–∞–∑—ã–≤–∞–µ—Ç. –ù–∞—Ä–æ–¥ —É–≥–∞—Ä–∞–µ—Ç –∏ —Ä—É–∫–æ–ø–ª–µ—â–µ—Ç –Ω–µ –ø–µ—Ä–µ—Å—Ç–∞–≤–∞—è. –î–∞–∂–µ –∫–æ–µ-–∫—Ç–æ –∏ –∫—É–ø—é—Ä—ã —Å—Ç–∞–ª –∫–∏–¥–∞—Ç—å –∫ –µ–≥–æ –Ω–æ–≥–∞–º. –ö–æ—Ä–æ—á–µ, —É—Å–ø–µ—Ö –≥—Ä–∞–Ω–¥–∏–æ–∑–Ω—ã–∏ÃÜ! –¢—É—Ç —Å –∫–æ—Ä–∑–∏–Ω–æ–∏ÃÜ, –∑–∞–≥—Ä—É–∂–µ–Ω–æ–∏ÃÜ –ø–æ–¥ –∑–∞–≤—è–∑–∫—É –ø—Ä–æ–¥—É–∫—Ç–∞–º–∏, –∫ –º—É–∂–∏–∫—É –ø–æ–¥–∫–∞—Ç—ã–≤–∞–µ—Ç –≤–æ—Å—å–º–∏—Å–ª–æ–∏ÃÜ–Ω–∞—è –∫—Ä–∞—Å–Ω–æ–º–æ—Ä–¥–∞—è —Ç–µ—Ç–∫–∞ –∏ –Ω–∞—á–∏–Ω–∞–µ—Ç –≤–æ–ø–∏—Ç—å —á—Ç–æ –µ—Å—Ç—å –º–æ—á–∏ –Ω–∞ –≤–µ—Å—å –∑–∞–ª:
- –ê–≥–∞, –≤–æ–æ–æ—Ç —Ç—ã –≥–¥–µ, –ø—Ä–∏–¥—É—Ä–æ–∫! –ê —è –µ–≥–æ –∑—ã—Ä–∫–∞—é-–∑—ã—Ä–∫–∞—é –ø–æ—á–µÃà–º –∑—Ä—è –∫—Ä—É–≥–æ–º, –∞ –æ–Ω —Ç—É—Ç —Ü–∏—Ä–∫ —É—Å—Ç—Ä–æ–∏–ª! –ü–æ–∑–æ—Ä–∏—Ç –º–µ–Ω—è –Ω–∞ –≤–µ—Å—å —Å–≤–µ—Ç! –Ø —Ç–µ —á–µÃà —Å–∫–∞–∑–∞–ª–∞ —Å–¥–µ–ª–∞—Ç—å, –∞?
- –û—á–µ—Ä–µ–¥—å –∑–∞–Ω—è—Ç—å...
- –ù—É???
- –ù—É —è... –∏—Ö... –∫–æ—Ç–æ—Ä—ã–µ –≤ –æ—á–µ—Ä–µ–¥–∏... –∏ –∑–∞–Ω–∏–º–∞—é, —á–µ–º –º–æ–≥—É...
–ù–∞—Ä–æ–¥ —É–ø–∞–ª. –í –ª–µ–∂–∫—É. –ò —Ä–∞—Å—Å—Ç—É–ø–∏–ª—Å—è –∫ –∫–∞—Å—Å–µ –ø–µ—Ä–µ–¥ —Ç–µ—Ç–∫–æ–∏ÃÜ.
–ù—É –∏? –†–∞–∑–≤–µ –º—É–∂–∏–∫ —á—Ç–æ-—Ç–æ –Ω–µ –ø—Ä–∞–≤–∏–ª—å–Ω–æ —Å–¥–µ–ª–∞–ª?
",1
93,"–ü–µ—Ä–≤–æ–∫—É—Ä—Å–Ω–∏–∫ –Ω–µ —Å–¥–∞–ª –ø–µ—Ä–≤—É—é —Å–µ—Å—Å–∏—é, —Å–ø—Ä–∞—à–∏–≤–∞–µ—Ç —É —Å—Ç–∞—Ä—à–µ–∫—É—Ä—Å–Ω–∏–∫–∞:
- –ê —á—Ç–æ –±—ã–≤–∞–µ—Ç, –µ—Å–ª–∏ –Ω–µ —Å–¥–∞–ª —Å–µ—Å—Å–∏—é?
- –ù—É –ø—Ä–µ–ø–æ–¥ –Ω–∞ –ø–µ—Ä–µ—Å–¥–∞—á–µ –ø–æ—Å—ã–ª–∞–µ—Ç —Ç–µ–±—è –≤ –¥–µ–∫–∞–Ω–∞—Ç, –≤ –¥–µ–∫–∞–Ω–∞—Ç–µ —Ç–µ–±—è –ø–æ—Å—ã–ª–∞—é—Ç –∫ –∑–∞–º–¥–µ–∫–∞–Ωy, –∑–∞–º–¥–µ–∫–∞–Ω —Ç–µ–±—è –ø–æ—Å—ã–ª–∞–µ—Ç –∫ –¥–µ–∫–∞–Ω—É, –∞ –¥–µ–∫–∞–Ω –ø—Ä–æ—Å—Ç–æ –ø–æ—Å—ã–ª–∞–µ—Ç...

",1
94,"""[DrEw]"" –≤–æ —Å–∫–æ–ª—å–∫–æ –Ω–∞ –∫. –≤—Å—Ç—Ä–µ—á–∞–µ–º—Å—è?""bambr"" –Ω–∞ —Ö.?""–í–æ—Å–ø–∏27617"" –Ω–∞ –∫""–í–æ—Å–ø–∏27617"" –¥–∞–≤–∞–∏ÃÜ –≤...""zoi"" –ø.?

",1
95,"–ù–∞ –∑–∞–≤–æ–¥ –ø—Ä–∏—Å—ã–ª–∞—é—Ç –Ω–æ–≤–æ–≥–æ –¥–∏—Ä–µ–∫—Ç–æ—Ä–∞. –í –ø–µ—Ä–≤—ã–∏ÃÜ —Ä–∞–±–æ—á–∏–∏ÃÜ –¥–µ–Ω—å –æ–Ω –≤—ã–∑—ã–≤–∞–µ—Ç –∫ —Å–µ–±–µ —Å–µ–∫—Ä–µ—Ç–∞—Ä—à—É, –æ–∫–∏–¥—ã–≤–∞–µ—Ç –µ–µÃà –æ—Ü–µ–Ω–∏–≤–∞—é—â–∏–º –≤–∑–≥–ª—è–¥–æ–º –∏
–≥–æ–≤–æ—Ä–∏—Ç:
- –ù—É, —á—Ç–æ –∂, –Ω–µ–ø–ª–æ—Ö–æ... –ù–æ –º–∏–Ω–∏-—é–±–∫—É –º–æ–∂–Ω–æ –ø–æ–∫–æ—Ä–æ—á–µ, –¥–µ–∫–æ–ª—å—Ç–µ –ø–æ–≥–ª—É–±–∂–µ...
- –ü—Ä–æ—Å—Ç–∏—Ç–µ, —à–µ—Ñ, –∞ —Å–æ—Å–∫–∏ —Å–æ–ª—å—é –Ω–∞–¥–æ –ø–æ—Å—ã–ø–∞—Ç—å?
- –≠—Ç–æ –µ—â–µ –∑–∞—á–µ–º?
- –ü—Ä–æ—Å—Ç–æ –≤–∞—à –ø—Ä–µ–¥—à–µ—Å—Ç–≤–µ–Ω–Ω–∏–∫ –±—ã–ª –±–æ–ª—å—à–æ–∏ÃÜ –ª—é–±–∏—Ç–µ–ª—å –ø–∏–≤–∞!

",1
96,"–®—Ç–∏—Ä–ª–∏—Ü –ø–æ—à–µ–ª –Ω–∞ –ø–ª—è–∂. –û–Ω –ª–µ–≥ –Ω–∞ –≥–∞–ª—å–∫—É. –õ–µ–∂–∞—Ç—å –±—ã–ª–æ –Ω–µ—É–¥–æ–±–Ω–æ –∏ –æ–Ω –ª–µ–≥ –Ω–∞ –°–≤–µ—Ç–∫—É.

",1
97,"- –í–æ—Ç —Ç–µ–±–µ —Ñ–æ—Ç–æ–≥—Ä–∞—Ñ–∏—è, –∞–¥—Ä–µ—Å: —É–ª–∏—Ü–∞ –õ–µ–Ω–∏–Ω–∞, –¥–æ–º 8, –∫–≤–∞—Ä—Ç–∏—Ä–∞...
- –ü–ª–∞—Ç–∏—Ç—å —Å–∫–æ–ª—å–∫–æ –±—É–¥–µ—à—å ?
- –õ–∏–º–æ–Ω.
- –ö–≤–∞—Ä—Ç–∏—Ä—ã –Ω–µ –Ω–∞–¥–æ...

",1
98,"–í —Ñ–µ–≤—Ä–∞–ª–µ 2002, –≤ Salt Lake City, –∂–µ–Ω—Å–∫–∞—è —Å–±–æ—Ä–Ω–∞—è –†–æ—Å—Å–∏–∏ –ø–æ –ª—ã–∂–∞–º –±—ã–ª–∞ –¥–∏—Å–∫–≤–∞–ª–∏—Ñ–∏—Ü–∏—Ä–æ–≤–∞–Ω–∞ –∑–∞ –≤—ã—Å–æ–∫–æ–µ —Å–æ–¥–µ—Ä–∂–∞–Ω–∏–µ —ç—Ä–∏—Ç—Ä–æ—Ü–∏—Ç–æ–≤ –≤ –∫—Ä–æ–≤–∏. –ù–∞ —Å–ª–µ–¥—É—é—â–µ–º —á–µ–º–ø–∏–æ–Ω–∞—Ç–µ –º–∏—Ä–∞ –ø–æ —à–∞—Ö–º–∞—Ç–∞–º, –ø—Ä–æ—Ö–æ–¥—è—à–µ–º –≤ –°–®–ê, –∞–º–µ—Ä–∏–∫–∞–Ω—Å–∫–∏–µ —Å—É–¥—å–∏ –¥–∏—Å–∫–≤–∞–ª–∏—Ñ–∏—Ü–∏—Ä–æ–≤–∞–ª–∏ –ì–∞—Ä—Ä–∏ –ö–∞—Å–ø–∞—Ä–æ–≤–∞ –∑–∞ —Å–ª–∏—à–∫–æ–º –≤—ã—Å–æ–∫–æ–µ —Å–æ–¥–µ—Ä–∂–∞–Ω–∏–µ –º–æ–∑–≥–æ–≤—ã—Ö –∫–ª–µ—Ç–æ–∫ –≤ –≥–æ–ª–æ–≤–µ (–∫–æ–ª–∏—á–µ—Å—Ç–≤–æ –∫–ª–µ—Ç–æ–∫ —É –ö–∞—Å–ø–∞—Ä–æ–≤–∞ –≤ –¥–µ—Å—è—Ç–∫–∏ —Ä–∞–∑ –ø—Ä–µ–≤—ã—à–∞–ª–æ –Ω–æ—Ä–º—ã, —É—Å—Ç–∞–Ω–æ–≤–ª–µ–Ω–Ω—ã–µ –∞–º–µ—Ä–∏–∫–æ—Å–∞–º–∏.)

",1
99,"–î–µ–ª–æ –±—ã–ª–æ –≤–µ—á–µ—Ä–æ–º...
–†–∞–∑–≥–æ–≤–∞—Ä–∏–≤–∞—é—Ç –∂–µ–Ω–∞ —Å –º—É–∂–µ–º:
- –î–æ—Ä–æ–≥–æ–∏ÃÜ, –≤ –ø—Ä–æ—à–ª–æ–º –≥–æ–¥—É –Ω–∞ –¥–µ–Ω—å —Ä–æ–∂–¥–µ–Ω—å—è –º–æ–µ–∏ÃÜ –º–∞–º–µ —Ç—ã –ø–æ–¥–∞—Ä–∏–ª —Å—Ç—É–ª,
–∞ —á—Ç–æ —Ç—ã –ø–æ–¥–∞—Ä–∏—à—å –≤ —ç—Ç–æ–º –≥–æ–¥—É ?
- –Ø –ø–æ–¥–∫–ª—é—á—É –∫ –Ω–µ–º—É —ç–ª–µ–∫—Ç—Ä–∏—á–µ—Å—Ç–≤–æ =8-()

",1
100,"–†–∞–∑–≥–æ–≤–æ—Ä –ø—Ä–æ–≥—Ä–∞–º–º–∏—Å—Ç–∞ —Å –∂–µ–Ω–æ–∏ÃÜ. –ü—Ä–æ–≥—Ä–∞–º–º–µ—Ä:
- –¢—ã —Å–ª—ã—Ö–∞–ª–∞, —á—Ç–æ —á–µ—Ä–µ–∑ 10-15 –ª–µ—Ç —Å—Ç–∞–Ω–µ—Ç –≤–æ–∑–º–æ–∂–Ω—ã–º –∏–º–µ—Ç—å —Å–µ–∫—Å —Å –∫–æ–º–ø—å—é—Ç–µ—Ä–æ–º?
- –ê —Ç–µ–±–µ-—Ç–æ —á—Ç–æ? –î–ª—è —Ç–µ–±—è –Ω–∏—á–µ–≥–æ –Ω–µ –∏–∑–º–µ–Ω–∏—Ç—Å—è...

",1
